Type,Prix,Adresse,Image_lien
vetements-homme,15 000CFA,Fass/ Dakar/ Senegal,https://images.coinafrique.com/thumb_5402965_uploaded_image1_1751479836.jpg
vetements-homme,6 000CFA,Colobane/ Dakar/ Senegal,https://images.coinafrique.com/thumb_5409459_uploaded_image1_1751803940.jpg
vetements-homme,3 000CFA,Colobane/ Dakar/ Senegal,https://images.coinafrique.com/thumb_5409451_uploaded_image1_1751803676.jpg
vetements-homme,3 000CFA,Colobane/ Dakar/ Senegal,https://images.coinafrique.com/thumb_5409455_uploaded_image1_1751803857.jpg
vetements-homme,12 500CFA,Fass/ Dakar/ Senegal,https://images.coinafrique.com/thumb_5389835_uploaded_image1_1750768990.jpg
vetements-homme,4 000CFA,Medina/ Dakar/ Senegal,https://images.coinafrique.com/thumb_5422821_uploaded_image1_1752506033.jpg
vetements-homme,8 000CFA,Dakar Plateau/ Dakar/ Senegal,https://images.coinafrique.com/thumb_5422160_uploaded_image1_1752480748.jpg
vetements-homme,8 000CFA,Dakar Plateau/ Dakar/ Senegal,https://images.coinafrique.com/thumb_5422157_uploaded_image1_1752480645.jpg
vetements-homme,7 000CFA,Dakar Plateau/ Dakar/ Senegal,https://images.coinafrique.com/thumb_5422133_uploaded_image1_1752479744.jpg
vetements-homme,150CFA,Parcelle Assainies/ Dakar/ Senegal,https://images.coinafrique.com/thumb_5421926_uploaded_image1_1752455963.jpg
vetements-homme,150CFA,Parcelle Assainies/ Dakar/ Senegal,https://images.coinafrique.com/thumb_5421925_uploaded_image1_1752455865.jpg
vetements-homme,150CFA,Parcelle Assainies/ Dakar/ Senegal,https://images.coinafrique.com/thumb_5421924_uploaded_image1_1752455779.jpg
vetements-homme,8 000CFA,Colobane/ Dakar/ Senegal,https://images.coinafrique.com/thumb_5374565_uploaded_image1_1749920402.jpg
vetements-homme,8 000CFA,Colobane/ Dakar/ Senegal,https://images.coinafrique.com/thumb_5374534_uploaded_image1_1749919474.jpg
vetements-homme,10 000CFA,Colobane/ Dakar/ Senegal,https://images.coinafrique.com/thumb_5374540_uploaded_image1_1749919718.jpg
vetements-homme,10 000CFA,Colobane/ Dakar/ Senegal,https://images.coinafrique.com/thumb_5374538_uploaded_image1_1749919612.jpg
vetements-homme,Prix sur demande,Colobane/ Dakar/ Senegal,https://images.coinafrique.com/thumb_5374410_uploaded_image1_1749913289.jpg
vetements-homme,15 000CFA,Colobane/ Dakar/ Senegal,https://images.coinafrique.com/thumb_5374420_uploaded_image1_1749913604.jpg
vetements-homme,10 000CFA,Colobane/ Dakar/ Senegal,https://images.coinafrique.com/thumb_5374415_uploaded_image1_1749913505.jpg
vetements-homme,15 000CFA,Colobane/ Dakar/ Senegal,https://images.coinafrique.com/thumb_5374429_uploaded_image1_1749913872.jpg
vetements-homme,11 000CFA,Mbao/ Dakar/ Senegal,https://images.coinafrique.com/thumb_5421027_uploaded_image1_1752406068.jpg
vetements-homme,3 200CFA,Ouest Foire/ Dakar/ Senegal,https://images.coinafrique.com/thumb_5419314_uploaded_image1_1752289765.jpg
vetements-homme,12 000CFA,Ouest Foire/ Dakar/ Senegal,https://images.coinafrique.com/thumb_5419311_uploaded_image1_1752289554.jpg
vetements-homme,35 000CFA,Guediawaye/ Dakar/ Senegal,https://images.coinafrique.com/thumb_5414801_uploaded_image1_1752066925.jpg
vetements-homme,8 000CFA,Dakar/ Senegal,https://images.coinafrique.com/thumb_5405576_uploaded_image1_1751582047.jpg
vetements-homme,7 000CFA,Dakar/ Senegal,https://images.coinafrique.com/thumb_5380940_uploaded_image1_1750267409.jpg
vetements-homme,9 000CFA,Dakar/ Senegal,https://images.coinafrique.com/thumb_5380938_uploaded_image1_1750267359.jpg
vetements-homme,1 000CFA,Dakar/ Senegal,https://images.coinafrique.com/thumb_5366447_uploaded_image1_1749473882.jpg
vetements-homme,8 000CFA,Dakar/ Senegal,https://images.coinafrique.com/thumb_5379655_uploaded_image1_1750203441.jpg
vetements-homme,14 000CFA,Dakar/ Senegal,https://images.coinafrique.com/thumb_5379656_uploaded_image1_1750203540.jpg
vetements-homme,10 000CFA,Dakar/ Senegal,https://images.coinafrique.com/thumb_5362186_uploaded_image1_1749145293.jpg
vetements-homme,7 000CFA,Dakar/ Senegal,https://images.coinafrique.com/thumb_5387381_uploaded_image1_1750640217.jpg
vetements-homme,15 000CFA,Dakar/ Senegal,https://images.coinafrique.com/thumb_5387379_uploaded_image1_1750639839.jpg
vetements-homme,8 000CFA,Dakar/ Senegal,https://images.coinafrique.com/thumb_5361125_uploaded_image1_1749079937.jpg
vetements-homme,7 000CFA,Dakar/ Senegal,https://images.coinafrique.com/thumb_5364547_uploaded_image1_1749327860.jpg
vetements-homme,7 000CFA,Dakar/ Senegal,https://images.coinafrique.com/thumb_5387074_uploaded_image1_1750620178.jpg
vetements-homme,6 000CFA,Dakar/ Senegal,https://images.coinafrique.com/thumb_5387071_uploaded_image1_1750620076.jpg
vetements-homme,6 000CFA,Dakar/ Senegal,https://images.coinafrique.com/thumb_5360742_uploaded_image1_1749062707.jpg
vetements-homme,6 000CFA,Dakar/ Senegal,https://images.coinafrique.com/thumb_5360732_uploaded_image1_1749062350.jpg
vetements-homme,10 000CFA,Dakar/ Senegal,https://images.coinafrique.com/thumb_5360719_uploaded_image1_1749061877.jpg
vetements-homme,7 000CFA,Dakar/ Senegal,https://images.coinafrique.com/thumb_5386899_uploaded_image1_1750612630.jpg
vetements-homme,3 500CFA,Dakar/ Senegal,https://images.coinafrique.com/thumb_5386893_uploaded_image1_1750612508.jpg
vetements-homme,3 000CFA,Dakar/ Senegal,https://images.coinafrique.com/thumb_5368256_uploaded_image1_1749572783.jpg
vetements-homme,9 000CFA,Dakar/ Senegal,https://images.coinafrique.com/thumb_5377282_uploaded_image1_1750088802.jpg
vetements-homme,7 000CFA,Dakar/ Senegal,https://images.coinafrique.com/thumb_5360049_uploaded_image1_1749038004.jpg
vetements-homme,9 000CFA,Dakar/ Senegal,https://images.coinafrique.com/thumb_5359855_uploaded_image1_1749031695.jpg
vetements-homme,3 000CFA,Dakar/ Senegal,https://images.coinafrique.com/thumb_5381842_uploaded_image1_1750327249.jpg
vetements-homme,6 000CFA,Dakar/ Senegal,https://images.coinafrique.com/thumb_5376211_uploaded_image1_1750033082.jpg
vetements-homme,6 000CFA,Dakar/ Senegal,https://images.coinafrique.com/thumb_5376209_uploaded_image1_1750033001.jpg
vetements-homme,7 000CFA,Dakar/ Senegal,https://images.coinafrique.com/thumb_5359319_uploaded_image1_1748991293.jpg
vetements-homme,7 000CFA,Dakar/ Senegal,https://images.coinafrique.com/thumb_5359212_uploaded_image1_1748985772.jpg
vetements-homme,8 000CFA,Dakar/ Senegal,https://images.coinafrique.com/thumb_5359195_uploaded_image1_1748985264.jpg
vetements-homme,7 000CFA,Dakar/ Senegal,https://images.coinafrique.com/thumb_5359190_uploaded_image1_1748985019.jpg
vetements-homme,5 000CFA,Grand Yoff/ Dakar/ Senegal,https://images.coinafrique.com/thumb_5396595_uploaded_image1_1751139172.jpg
vetements-homme,10 000CFA,Mariste/ Dakar/ Senegal,https://images.coinafrique.com/thumb_5396366_uploaded_image1_1751130805.jpg
vetements-homme,Prix sur demande,Fass/ Dakar/ Senegal,https://images.coinafrique.com/thumb_5394599_uploaded_image2_1751021076.jpeg
vetements-homme,20 000CFA,Fass/ Dakar/ Senegal,https://images.coinafrique.com/thumb_5392633_uploaded_image1_1750904042.jpg
vetements-homme,20 000CFA,Fass/ Dakar/ Senegal,https://images.coinafrique.com/thumb_5392632_uploaded_image1_1750903985.jpg
vetements-homme,20 000CFA,Fass/ Dakar/ Senegal,https://images.coinafrique.com/thumb_5392631_uploaded_image1_1750903932.jpg
vetements-homme,20 000CFA,Fass/ Dakar/ Senegal,https://images.coinafrique.com/thumb_5392630_uploaded_image1_1750903817.jpg
vetements-homme,10 500CFA,Sicap Liberte/ Dakar/ Senegal,https://images.coinafrique.com/thumb_5390305_uploaded_image1_1750787966.jpg
vetements-homme,8 000CFA,Fann/ Dakar/ Senegal,https://images.coinafrique.com/thumb_5390008_uploaded_image1_1750777634.jpg
vetements-homme,10 000CFA,Dakar Plateau/ Dakar/ Senegal,https://images.coinafrique.com/thumb_5388869_uploaded_image1_1750707151.jpg
vetements-homme,10 000CFA,Dakar Plateau/ Dakar/ Senegal,https://images.coinafrique.com/thumb_5388860_uploaded_image1_1750707013.jpg
vetements-homme,20 000CFA,Dakar Plateau/ Dakar/ Senegal,https://images.coinafrique.com/thumb_5388857_uploaded_image1_1750706864.jpg
vetements-homme,25 000CFA,Colobane/ Dakar/ Senegal,https://images.coinafrique.com/thumb_5340703_uploaded_image1_1747926660.jpg
vetements-homme,600CFA,Parcelle Assainies/ Dakar/ Senegal,https://images.coinafrique.com/thumb_5379374_uploaded_image1_1750189453.jpg
vetements-homme,6 000CFA,Dakar/ Senegal,https://images.coinafrique.com/thumb_5335983_uploaded_image1_1747682531.jpg
vetements-homme,13 000CFA,Dakar/ Senegal,https://images.coinafrique.com/thumb_5335976_uploaded_image1_1747682377.jpg
vetements-homme,1 500CFA,Colobane/ Dakar/ Senegal,https://images.coinafrique.com/thumb_5328829_uploaded_image1_1747292067.jpg
vetements-homme,850 000CFA,Dakar/ Senegal,https://images.coinafrique.com/thumb_5371023_uploaded_image2_1749727035.jpeg
vetements-homme,18 000CFA,Keur Massar/ Senegal,https://images.coinafrique.com/thumb_5333594_uploaded_image1_1747550498.jpg
vetements-homme,12 000CFA,Parcelle Assainies/ Dakar/ Senegal,https://images.coinafrique.com/thumb_5369347_uploaded_image1_1749639509.jpg
vetements-homme,8 000CFA,Parcelle Assainies/ Dakar/ Senegal,https://images.coinafrique.com/thumb_5369345_uploaded_image1_1749639320.jpg
vetements-homme,15 000CFA,Mamelles/ Dakar/ Senegal,https://images.coinafrique.com/thumb_5369272_uploaded_image1_1749637388.jpg
vetements-homme,15 000CFA,Mamelles/ Dakar/ Senegal,https://images.coinafrique.com/thumb_5369213_uploaded_image1_1749635653.jpg
vetements-homme,70 000CFA,Almadies 2/ Dakar/ Senegal,https://images.coinafrique.com/thumb_5344920_uploaded_image1_1748197678.jpg
vetements-homme,70 000CFA,Almadies 2/ Dakar/ Senegal,https://images.coinafrique.com/thumb_5344910_uploaded_image1_1748197232.jpg
vetements-homme,70 000CFA,Almadies 2/ Dakar/ Senegal,https://images.coinafrique.com/thumb_5344903_uploaded_image1_1748196689.jpg
vetements-homme,70 000CFA,Almadies 2/ Dakar/ Senegal,https://images.coinafrique.com/thumb_5344887_uploaded_image1_1748196047.jpg
vetements-homme,13 000CFA,Dakar/ Senegal,https://images.coinafrique.com/thumb_5351562_uploaded_image1_1748560606.jpg
vetements-homme,13 000CFA,Dakar/ Senegal,https://images.coinafrique.com/thumb_5351554_uploaded_image1_1748560284.jpg
vetements-homme,14 000CFA,Dakar/ Senegal,https://images.coinafrique.com/thumb_5357470_uploaded_image1_1748906567.jpg
vetements-homme,Prix sur demande,Dakar/ Senegal,https://images.coinafrique.com/thumb_5357466_uploaded_image1_1748906493.jpg
chaussures-homme,,,https://images.coinafrique.com/thumb_5406410_uploaded_image1_1751629967.jpg
chaussures-homme,,,https://images.coinafrique.com/thumb_5427161_uploaded_image1_1752705753.jpg
chaussures-homme,,,https://images.coinafrique.com/thumb_5426252_uploaded_image1_1752671625.jpg
chaussures-homme,,,https://images.coinafrique.com/thumb_5426238_uploaded_image1_1752671136.jpg
chaussures-homme,,,https://images.coinafrique.com/thumb_5426236_uploaded_image1_1752670965.jpg
chaussures-homme,,,https://images.coinafrique.com/thumb_5424516_uploaded_image1_1752591026.jpg
chaussures-homme,,,https://images.coinafrique.com/thumb_5422221_uploaded_image1_1752482543.jpg
chaussures-homme,,,https://images.coinafrique.com/thumb_5422186_uploaded_image1_1752481465.jpg
chaussures-homme,,,https://images.coinafrique.com/thumb_5421632_uploaded_image1_1752437567.jpg
chaussures-homme,,,https://images.coinafrique.com/thumb_5419796_uploaded_image1_1752318748.jpg
chaussures-homme,,,https://images.coinafrique.com/thumb_5415335_uploaded_image1_1752087446.jpg
chaussures-homme,,,https://images.coinafrique.com/thumb_5413151_uploaded_image1_1751991507.jpg
chaussures-homme,,,https://images.coinafrique.com/thumb_5413093_uploaded_image1_1751989068.jpg
chaussures-homme,,,https://images.coinafrique.com/thumb_5413092_uploaded_image1_1751988865.jpg
chaussures-homme,,,https://images.coinafrique.com/thumb_5409504_uploaded_image1_1751807094.jpg
chaussures-homme,,,https://images.coinafrique.com/thumb_5407551_uploaded_image1_1751666763.jpg
chaussures-homme,,,https://images.coinafrique.com/thumb_5405139_uploaded_image1_1751566693.jpg
chaussures-homme,,,https://images.coinafrique.com/thumb_5405136_uploaded_image1_1751566608.jpg
chaussures-homme,,,https://images.coinafrique.com/thumb_5380946_uploaded_image1_1750267531.jpg
chaussures-homme,,,https://images.coinafrique.com/thumb_5366456_uploaded_image1_1749474268.jpg
chaussures-homme,,,https://images.coinafrique.com/thumb_5403613_uploaded_image1_1751513745.jpg
chaussures-homme,,,https://images.coinafrique.com/thumb_5379660_uploaded_image1_1750203700.jpg
chaussures-homme,,,https://images.coinafrique.com/thumb_5379657_uploaded_image1_1750203622.jpg
chaussures-homme,,,https://images.coinafrique.com/thumb_5384805_uploaded_image1_1750461330.jpg
chaussures-homme,,,https://images.coinafrique.com/thumb_5365750_uploaded_image1_1749419182.jpg
chaussures-homme,,,https://images.coinafrique.com/thumb_5365745_uploaded_image1_1749419070.jpg
chaussures-homme,,,https://images.coinafrique.com/thumb_5365741_uploaded_image1_1749418889.jpg
chaussures-homme,,,https://images.coinafrique.com/thumb_5403324_uploaded_image1_1751494857.jpg
chaussures-homme,,,https://images.coinafrique.com/thumb_5365752_uploaded_image1_1749419261.jpg
chaussures-homme,,,https://images.coinafrique.com/thumb_5365755_uploaded_image1_1749419366.jpg
chaussures-homme,,,https://images.coinafrique.com/thumb_5365735_uploaded_image1_1749418626.jpg
chaussures-homme,,,https://images.coinafrique.com/thumb_5365739_uploaded_image1_1749418736.jpg
chaussures-homme,,,https://images.coinafrique.com/thumb_5365729_uploaded_image1_1749418455.jpg
chaussures-homme,,,https://images.coinafrique.com/thumb_5365715_uploaded_image1_1749417986.jpg
chaussures-homme,,,https://images.coinafrique.com/thumb_5365721_uploaded_image1_1749418247.jpg
chaussures-homme,,,https://images.coinafrique.com/thumb_5365720_uploaded_image1_1749418139.jpg
chaussures-homme,,,https://images.coinafrique.com/thumb_5365707_uploaded_image1_1749417627.jpg
chaussures-homme,,,https://images.coinafrique.com/thumb_5365709_uploaded_image1_1749417739.jpg
chaussures-homme,,,https://images.coinafrique.com/thumb_5365710_uploaded_image1_1749417808.jpg
chaussures-homme,,,https://images.coinafrique.com/thumb_5365713_uploaded_image1_1749417889.jpg
chaussures-homme,,,https://images.coinafrique.com/thumb_5365706_uploaded_image1_1749417541.jpg
chaussures-homme,,,https://images.coinafrique.com/thumb_5403273_uploaded_image1_1751493058.jpg
chaussures-homme,,,https://images.coinafrique.com/thumb_5365698_uploaded_image1_1749417367.jpg
chaussures-homme,,,https://images.coinafrique.com/thumb_5365693_uploaded_image1_1749417266.jpg
chaussures-homme,,,https://images.coinafrique.com/thumb_5365690_uploaded_image1_1749417178.jpg
chaussures-homme,,,https://images.coinafrique.com/thumb_5365687_uploaded_image1_1749417092.jpg
chaussures-homme,,,https://images.coinafrique.com/thumb_5369209_uploaded_image1_1749635290.jpg
chaussures-homme,,,https://images.coinafrique.com/thumb_5387384_uploaded_image1_1750640381.jpg
chaussures-homme,,,https://images.coinafrique.com/thumb_5361117_uploaded_image1_1749079520.jpg
chaussures-homme,,,https://images.coinafrique.com/thumb_5361113_uploaded_image1_1749079316.jpg
chaussures-homme,,,https://images.coinafrique.com/thumb_5361109_uploaded_image1_1749079193.jpg
chaussures-homme,,,https://images.coinafrique.com/thumb_5361106_uploaded_image1_1749079052.jpg
chaussures-homme,,,https://images.coinafrique.com/thumb_5361104_uploaded_image1_1749078905.jpg
chaussures-homme,,,https://images.coinafrique.com/thumb_5364541_uploaded_image1_1749327532.jpg
chaussures-homme,,,https://images.coinafrique.com/thumb_5401398_uploaded_image1_1751403395.jpg
chaussures-homme,,,https://images.coinafrique.com/thumb_5401387_uploaded_image1_1751402825.jpg
chaussures-homme,,,https://images.coinafrique.com/thumb_5401346_uploaded_image1_1751401243.jpg
chaussures-homme,,,https://images.coinafrique.com/thumb_5401340_uploaded_image1_1751401135.jpg
chaussures-homme,,,https://images.coinafrique.com/thumb_5401336_uploaded_image1_1751401037.jpg
chaussures-homme,,,https://images.coinafrique.com/thumb_5401322_uploaded_image1_1751400730.jpg
chaussures-homme,,,https://images.coinafrique.com/thumb_5360720_uploaded_image1_1749061990.jpg
chaussures-homme,,,https://images.coinafrique.com/thumb_5368322_uploaded_image1_1749575502.jpg
chaussures-homme,,,https://images.coinafrique.com/thumb_5368328_uploaded_image1_1749575586.jpg
chaussures-homme,,,https://images.coinafrique.com/thumb_5386909_uploaded_image1_1750612990.jpg
chaussures-homme,,,https://images.coinafrique.com/thumb_5386870_uploaded_image1_1750612086.jpg
chaussures-homme,,,https://images.coinafrique.com/thumb_5400882_uploaded_image1_1751384100.jpg
chaussures-homme,,,https://images.coinafrique.com/thumb_5360036_uploaded_image1_1749037560.jpg
chaussures-homme,,,https://images.coinafrique.com/thumb_5360018_uploaded_image1_1749037245.jpg
chaussures-homme,,,https://images.coinafrique.com/thumb_5367848_uploaded_image1_1749555791.jpg
chaussures-homme,,,https://images.coinafrique.com/thumb_5400189_uploaded_image1_1751368396.jpg
chaussures-homme,,,https://images.coinafrique.com/thumb_5376698_uploaded_image1_1750070197.jpg
chaussures-homme,,,https://images.coinafrique.com/thumb_5359849_uploaded_image1_1749031529.jpg
chaussures-homme,,,https://images.coinafrique.com/thumb_5400128_uploaded_image1_1751366626.jpg
chaussures-homme,,,https://images.coinafrique.com/thumb_5359697_uploaded_image1_1749024937.jpg
chaussures-homme,,,https://images.coinafrique.com/thumb_5399786_uploaded_image1_1751350901.jpg
chaussures-homme,,,https://images.coinafrique.com/thumb_5399783_uploaded_image1_1751350820.jpg
chaussures-homme,,,https://images.coinafrique.com/thumb_5399782_uploaded_image1_1751350706.jpg
chaussures-homme,,,https://images.coinafrique.com/thumb_5399778_uploaded_image1_1751350515.jpg
chaussures-homme,,,https://images.coinafrique.com/thumb_5399770_uploaded_image1_1751349884.jpg
chaussures-homme,,,https://images.coinafrique.com/thumb_5399767_uploaded_image1_1751349787.jpg
chaussures-homme,,,https://images.coinafrique.com/thumb_5399763_uploaded_image1_1751349629.jpg
chaussures-homme,,,https://images.coinafrique.com/thumb_5399752_uploaded_image1_1751349132.jpg
chaussures-homme,,,https://images.coinafrique.com/thumb_5399749_uploaded_image1_1751348901.jpg
chaussures-homme,,,https://images.coinafrique.com/thumb_5399692_uploaded_image1_1751338580.jpg
vetements-enfants,3 500CFA,Mbao/ Dakar/ Senegal,https://images.coinafrique.com/thumb_5428559_uploaded_image1_1752775679.jpg
vetements-enfants,10 000CFA,Fass/ Dakar/ Senegal,https://images.coinafrique.com/thumb_5427239_uploaded_image1_1752708596.jpg
vetements-enfants,10 000CFA,Colobane/ Dakar/ Senegal,https://images.coinafrique.com/thumb_5374426_uploaded_image1_1749913743.jpg
vetements-enfants,3 500CFA,Sicap Liberte/ Dakar/ Senegal,https://images.coinafrique.com/thumb_5411543_uploaded_image1_1751909046.jpg
vetements-enfants,10 000CFA,Dakar/ Senegal,https://images.coinafrique.com/thumb_5365674_uploaded_image1_1749416491.jpg
vetements-enfants,7 000CFA,Dakar/ Senegal,https://images.coinafrique.com/thumb_5364583_uploaded_image1_1749330317.jpg
vetements-enfants,8 000CFA,Dakar/ Senegal,https://images.coinafrique.com/thumb_5364552_uploaded_image1_1749328164.jpg
vetements-enfants,8 000CFA,Dakar/ Senegal,https://images.coinafrique.com/thumb_5364545_uploaded_image1_1749327684.jpg
vetements-enfants,7 000CFA,Colobane/ Dakar/ Senegal,https://images.coinafrique.com/thumb_5344465_uploaded_image1_1748167330.jpg
vetements-enfants,10 000CFA,Colobane/ Dakar/ Senegal,https://images.coinafrique.com/thumb_5344473_uploaded_image1_1748167713.jpg
vetements-enfants,4 000CFA,Colobane/ Dakar/ Senegal,https://images.coinafrique.com/thumb_5344468_uploaded_image1_1748167535.jpg
vetements-enfants,8 000CFA,Colobane/ Dakar/ Senegal,https://images.coinafrique.com/thumb_5344462_uploaded_image1_1748167236.jpg
vetements-enfants,7 000CFA,Colobane/ Dakar/ Senegal,https://images.coinafrique.com/thumb_5342641_uploaded_image1_1748035425.jpg
vetements-enfants,7 000CFA,Colobane/ Dakar/ Senegal,https://images.coinafrique.com/thumb_5342650_uploaded_image1_1748035854.jpg
vetements-enfants,7 000CFA,Colobane/ Dakar/ Senegal,https://images.coinafrique.com/thumb_5342643_uploaded_image1_1748035562.jpg
vetements-enfants,7 000CFA,Colobane/ Dakar/ Senegal,https://images.coinafrique.com/thumb_5342638_uploaded_image1_1748035029.jpg
vetements-enfants,4 000CFA,Colobane/ Dakar/ Senegal,https://images.coinafrique.com/thumb_5342633_uploaded_image1_1748034778.jpg
vetements-enfants,7 000CFA,Colobane/ Dakar/ Senegal,https://images.coinafrique.com/thumb_5342628_uploaded_image1_1748034550.jpg
vetements-enfants,1 500CFA,Colobane/ Dakar/ Senegal,https://images.coinafrique.com/thumb_5342624_uploaded_image1_1748034284.jpg
vetements-enfants,Prix sur demande,HLM/ Dakar/ Senegal,https://images.coinafrique.com/thumb_5385373_uploaded_image1_1750509886.51.jpeg
vetements-enfants,Prix sur demande,HLM/ Dakar/ Senegal,https://images.coinafrique.com/thumb_5385364_uploaded_image1_1750509649.41.jpeg
vetements-enfants,Prix sur demande,HLM/ Dakar/ Senegal,https://images.coinafrique.com/thumb_5385356_uploaded_image1_1750509151.08.jpeg
vetements-enfants,4 000CFA,HLM/ Dakar/ Senegal,https://images.coinafrique.com/thumb_5385294_uploaded_image1_1750506744.37.jpeg
vetements-enfants,8 000CFA,Colobane/ Dakar/ Senegal,https://images.coinafrique.com/thumb_5328806_uploaded_image1_1747290315.jpg
vetements-enfants,Prix sur demande,Ouakam/ Dakar/ Senegal,https://images.coinafrique.com/thumb_5336896_uploaded_image1_1747744426.jpg
vetements-enfants,7 000CFA,Colobane/ Dakar/ Senegal,https://images.coinafrique.com/thumb_5290112_uploaded_image1_1745150419.jpg
vetements-enfants,6 000CFA,Colobane/ Dakar/ Senegal,https://images.coinafrique.com/thumb_5289213_uploaded_image1_1745070585.jpg
vetements-enfants,Prix sur demande,Colobane/ Dakar/ Senegal,https://images.coinafrique.com/thumb_5281282_uploaded_image1_1744639610.jpg
vetements-enfants,Prix sur demande,Colobane/ Dakar/ Senegal,https://images.coinafrique.com/thumb_5281278_uploaded_image1_1744639447.jpg
vetements-enfants,3 000CFA,Dakar/ Senegal,https://images.coinafrique.com/thumb_5321500_uploaded_image1_1746889004.jpg
vetements-enfants,Prix sur demande,Dakar/ Senegal,https://images.coinafrique.com/thumb_5312820_uploaded_image1_1746452801.jpg
vetements-enfants,Prix sur demande,Mamelles/ Dakar/ Senegal,https://images.coinafrique.com/thumb_5310010_uploaded_image1_1746279800.jpg
vetements-enfants,6 000CFA,Diamalaye 1/ Dakar/ Senegal,https://images.coinafrique.com/thumb_5309005_uploaded_image1_1746217976.jpg
vetements-enfants,6 000CFA,Diamalaye 1/ Dakar/ Senegal,https://images.coinafrique.com/thumb_5309001_uploaded_image1_1746217790.jpg
vetements-enfants,6 000CFA,Diamalaye 1/ Dakar/ Senegal,https://images.coinafrique.com/thumb_5308995_uploaded_image1_1746217632.jpg
vetements-enfants,15 000CFA,Fass/ Dakar/ Senegal,https://images.coinafrique.com/thumb_5263591_uploaded_image1_1743688903.jpg
vetements-enfants,10 000CFA,Fass/ Dakar/ Senegal,https://images.coinafrique.com/thumb_5263587_uploaded_image1_1743688774.jpg
vetements-enfants,7 500CFA,Fass/ Dakar/ Senegal,https://images.coinafrique.com/thumb_5257015_uploaded_image1_1743325512.jpg
vetements-enfants,1 000CFA,Fass/ Dakar/ Senegal,https://images.coinafrique.com/thumb_5256504_uploaded_image1_1743272005.jpg
vetements-enfants,15 000CFA,Fass/ Dakar/ Senegal,https://images.coinafrique.com/thumb_5243665_uploaded_image1_1742560242.jpg
vetements-enfants,Prix sur demande,Fass/ Dakar/ Senegal,https://images.coinafrique.com/thumb_5283049_uploaded_image1_1744729140.jpg
vetements-enfants,Prix sur demande,Fass/ Dakar/ Senegal,https://images.coinafrique.com/thumb_5283005_uploaded_image1_1744727750.jpg
vetements-enfants,7 000CFA,Colobane/ Dakar/ Senegal,https://images.coinafrique.com/thumb_5233364_uploaded_image1_1742035732.jpg
vetements-enfants,15 000CFA,Colobane/ Dakar/ Senegal,https://images.coinafrique.com/thumb_5228687_uploaded_image1_1741791237.jpg
vetements-enfants,12 000CFA,Colobane/ Dakar/ Senegal,https://images.coinafrique.com/thumb_5228280_uploaded_image1_1741779191.jpg
vetements-enfants,10 000CFA,Colobane/ Dakar/ Senegal,https://images.coinafrique.com/thumb_5227274_uploaded_image1_1741722024.jpg
vetements-enfants,12 000CFA,Colobane/ Dakar/ Senegal,https://images.coinafrique.com/thumb_5227233_uploaded_image1_1741720597.jpg
vetements-enfants,15 000CFA,Colobane/ Dakar/ Senegal,https://images.coinafrique.com/thumb_5214607_uploaded_image1_1741112466.jpg
vetements-enfants,7 000CFA,Colobane/ Dakar/ Senegal,https://images.coinafrique.com/thumb_5214582_uploaded_image1_1741111696.jpg
vetements-enfants,7 000CFA,Colobane/ Dakar/ Senegal,https://images.coinafrique.com/thumb_5214595_uploaded_image1_1741112064.jpg
vetements-enfants,15 000CFA,Ngor/ Dakar/ Senegal,https://images.coinafrique.com/thumb_5204766_uploaded_image1_1740600489.jpg
vetements-enfants,15 000CFA,Parcelle Assainies/ Dakar/ Senegal,https://images.coinafrique.com/thumb_5246903_uploaded_image1_1742748145.jpg
vetements-enfants,7 000CFA,Parcelle Assainies/ Dakar/ Senegal,https://images.coinafrique.com/thumb_5246901_uploaded_image2_1742748053.jpeg
vetements-enfants,10 000CFA,Dieuppeul-Derkle/ Dakar/ Senegal,https://images.coinafrique.com/thumb_5246062_uploaded_image1_1742692008.jpg
vetements-enfants,5 000CFA,Sicap Liberte/ Dakar/ Senegal,https://images.coinafrique.com/thumb_5241328_uploaded_image1_1742452229.jpg
vetements-enfants,8 500CFA,Fass/ Dakar/ Senegal,https://images.coinafrique.com/thumb_5193655_uploaded_image1_1739987145.jpg
vetements-enfants,Prix sur demande,Ouakam/ Dakar/ Senegal,https://images.coinafrique.com/thumb_5225588_uploaded_image1_1741658299.jpg
vetements-enfants,Prix sur demande,Ouakam/ Dakar/ Senegal,https://images.coinafrique.com/thumb_5225585_uploaded_image1_1741658034.jpg
vetements-enfants,Prix sur demande,Ouakam/ Dakar/ Senegal,https://images.coinafrique.com/thumb_5225584_uploaded_image1_1741657625.jpg
vetements-enfants,6 500CFA,Colobane/ Dakar/ Senegal,https://images.coinafrique.com/thumb_5181431_uploaded_image1_1739304816.jpg
vetements-enfants,10 000CFA,Fass/ Dakar/ Senegal,https://images.coinafrique.com/thumb_5181204_uploaded_image1_1739296973.jpg
vetements-enfants,8 000CFA,Parcelle Assainies/ Dakar/ Senegal,https://images.coinafrique.com/thumb_5196620_uploaded_image1_1740145128.jpg
vetements-enfants,8 000CFA,Dakar Plateau/ Dakar/ Senegal,https://images.coinafrique.com/thumb_5171755_uploaded_image1_1738776386.jpg
vetements-enfants,7 000CFA,Colobane/ Dakar/ Senegal,https://images.coinafrique.com/thumb_5116396_uploaded_image1_1735846707.jpg
vetements-enfants,1 000CFA,Sicap foire/ Dakar/ Senegal,https://images.coinafrique.com/thumb_5141487_uploaded_image1_1737219569.jpg
vetements-enfants,4 500CFA,Mbao/ Dakar/ Senegal,https://images.coinafrique.com/thumb_5130020_uploaded_image1_1736594996.jpg
vetements-enfants,4 500CFA,Mbao/ Dakar/ Senegal,https://images.coinafrique.com/thumb_5129146_uploaded_image1_1736533355.jpg
vetements-enfants,Prix sur demande,Mermoz-Sacre Coeur/ Dakar/ Senegal,https://images.coinafrique.com/thumb_5120586_uploaded_image1_1736107643.jpg
vetements-enfants,8 000CFA,Colobane/ Dakar/ Senegal,https://images.coinafrique.com/thumb_5071417_uploaded_image1_1733140647.jpg
vetements-enfants,1 000CFA,Colobane/ Dakar/ Senegal,https://images.coinafrique.com/thumb_5106688_uploaded_image1_1735128985.jpg
vetements-enfants,1 000CFA,Colobane/ Dakar/ Senegal,https://images.coinafrique.com/thumb_5106673_uploaded_image1_1735128585.jpg
vetements-enfants,1 000CFA,Colobane/ Dakar/ Senegal,https://images.coinafrique.com/thumb_5106669_uploaded_image1_1735128475.jpg
vetements-enfants,1 000CFA,Colobane/ Dakar/ Senegal,https://images.coinafrique.com/thumb_5106661_uploaded_image1_1735128299.jpg
vetements-enfants,8 000CFA,Colobane/ Dakar/ Senegal,https://images.coinafrique.com/thumb_5058990_uploaded_image1_1732437877.jpg
vetements-enfants,8 000CFA,Colobane/ Dakar/ Senegal,https://images.coinafrique.com/thumb_5046861_uploaded_image1_1731758020.jpg
vetements-enfants,8 000CFA,Ouest Foire/ Dakar/ Senegal,https://images.coinafrique.com/thumb_5046278_uploaded_image1_1731706267.jpg
vetements-enfants,8 000CFA,Ouest Foire/ Dakar/ Senegal,https://images.coinafrique.com/thumb_5046169_uploaded_image1_1731701583.jpg
vetements-enfants,8 000CFA,Ouest Foire/ Dakar/ Senegal,https://images.coinafrique.com/thumb_5046164_uploaded_image1_1731701239.jpg
vetements-enfants,8 000CFA,Ouest Foire/ Dakar/ Senegal,https://images.coinafrique.com/thumb_5046160_uploaded_image1_1731700970.jpg
vetements-enfants,5 000CFA,Ouest Foire/ Dakar/ Senegal,https://images.coinafrique.com/thumb_5046156_uploaded_image1_1731700664.jpg
vetements-enfants,8 000CFA,Ouest Foire/ Dakar/ Senegal,https://images.coinafrique.com/thumb_5045455_uploaded_image1_1731673153.jpg
vetements-enfants,18 000CFA,Dakar/ Senegal,https://images.coinafrique.com/thumb_5081973_uploaded_image1_1733664739.jpg
vetements-enfants,25 000CFA,Dakar/ Senegal,https://images.coinafrique.com/thumb_5081958_uploaded_image1_1733664149.jpg
vetements-enfants,6 000CFA,Parcelle Assainies/ Dakar/ Senegal,https://images.coinafrique.com/thumb_5079189_uploaded_image1_1733486786.jpg
chaussures-enfants,7 000CFA,Dakar/ Senegal,https://images.coinafrique.com/thumb_5416770_uploaded_image1_1752155346.jpg
chaussures-enfants,7 000CFA,Dakar/ Senegal,https://images.coinafrique.com/thumb_5416767_uploaded_image1_1752155258.jpg
chaussures-enfants,8 000CFA,Dakar Plateau/ Dakar/ Senegal,https://images.coinafrique.com/thumb_5388880_uploaded_image1_1750707623.jpg
chaussures-enfants,Prix sur demande,Ouakam/ Dakar/ Senegal,https://images.coinafrique.com/thumb_5327025_uploaded_image1_1747213897.jpg
chaussures-enfants,15 000CFA,Dakar Plateau/ Dakar/ Senegal,https://images.coinafrique.com/thumb_5323154_uploaded_image1_1747018204.jpg
chaussures-enfants,3 500CFA,Mermoz-Sacre Coeur/ Dakar/ Senegal,https://images.coinafrique.com/thumb_5294713_uploaded_image1_1745421584.jpg
chaussures-enfants,3 500CFA,Mermoz-Sacre Coeur/ Dakar/ Senegal,https://images.coinafrique.com/thumb_5294302_uploaded_image1_1745410325.jpg
chaussures-enfants,18 000CFA,Fass/ Dakar/ Senegal,https://images.coinafrique.com/thumb_5284799_uploaded_image1_1744814056.jpg
chaussures-enfants,18 000CFA,Fass/ Dakar/ Senegal,https://images.coinafrique.com/thumb_5284783_uploaded_image1_1744813725.jpg
chaussures-enfants,15 000CFA,Dakar Plateau/ Dakar/ Senegal,https://images.coinafrique.com/thumb_5269411_uploaded_image1_1744009165.jpg
chaussures-enfants,2 000CFA,Dakar/ Senegal,https://images.coinafrique.com/thumb_5253810_uploaded_image1_1743097199.jpg
chaussures-enfants,20 000CFA,Dakar/ Senegal,https://images.coinafrique.com/thumb_5231318_uploaded_image1_1741923251.jpg
chaussures-enfants,15 000CFA,Dakar Plateau/ Dakar/ Senegal,https://images.coinafrique.com/thumb_5231304_uploaded_image1_1741922219.jpg
chaussures-enfants,8 500CFA,Fass/ Dakar/ Senegal,https://images.coinafrique.com/thumb_5181134_uploaded_image1_1739295232.jpg
chaussures-enfants,7 000CFA,Fass/ Dakar/ Senegal,https://images.coinafrique.com/thumb_5181139_uploaded_image1_1739295381.jpg
chaussures-enfants,10 000CFA,Fass/ Dakar/ Senegal,https://images.coinafrique.com/thumb_5181147_uploaded_image1_1739295472.jpg
chaussures-enfants,20 000CFA,Mbao/ Dakar/ Senegal,https://images.coinafrique.com/thumb_5210436_uploaded_image1_1740934512.jpg
chaussures-enfants,12 000CFA,Dakar/ Senegal,https://images.coinafrique.com/thumb_5141832_uploaded_image1_1737242187.jpg
chaussures-enfants,2 000CFA,Dakar Plateau/ Dakar/ Senegal,https://images.coinafrique.com/thumb_5125946_uploaded_image1_1736370156.jpg
chaussures-enfants,3 500CFA,Parcelle Assainies/ Dakar/ Senegal,https://images.coinafrique.com/thumb_5080430_uploaded_image1_1733555952.jpg
chaussures-enfants,5 000CFA,Parcelle Assainies/ Dakar/ Senegal,https://images.coinafrique.com/thumb_5080428_uploaded_image1_1733555768.jpg
chaussures-enfants,8 450CFA,Fass/ Dakar/ Senegal,https://images.coinafrique.com/thumb_5047806_uploaded_image1_1731804849.jpg
chaussures-enfants,1 800CFA,Dakar Plateau/ Dakar/ Senegal,https://images.coinafrique.com/thumb_5037805_uploaded_image1_1731321094.jpg
chaussures-enfants,Prix sur demande,Dakar/ Senegal,https://images.coinafrique.com/thumb_5002639_uploaded_image1_1729418695.jpg
chaussures-enfants,6 000CFA,Yoff/ Dakar/ Senegal,https://images.coinafrique.com/thumb_4979173_uploaded_image1_1728164387.jpg
chaussures-enfants,20 000CFA,Dakar/ Senegal,https://images.coinafrique.com/thumb_4976138_uploaded_image1_1728002356.jpg
chaussures-enfants,20 000CFA,Dakar Plateau/ Dakar/ Senegal,https://images.coinafrique.com/thumb_4969624_uploaded_image1_1727758825.jpg
chaussures-enfants,4 000CFA,Dakar/ Senegal,https://images.coinafrique.com/thumb_4950665_uploaded_image1_1726682392.jpg
chaussures-enfants,13 000CFA,Dakar Plateau/ Dakar/ Senegal,https://images.coinafrique.com/thumb_4934544_uploaded_image1_1725833379.jpg
chaussures-enfants,15 000CFA,Dakar Plateau/ Dakar/ Senegal,https://images.coinafrique.com/thumb_4930603_uploaded_image1_1725607998.jpg
chaussures-enfants,15 000CFA,Dakar Plateau/ Dakar/ Senegal,https://images.coinafrique.com/thumb_4930596_uploaded_image1_1725607117.jpg
chaussures-enfants,17 000CFA,Dakar/ Senegal,https://images.coinafrique.com/thumb_4928091_uploaded_image1_1725487369.jpg
chaussures-enfants,16 000CFA,Dakar/ Senegal,https://images.coinafrique.com/thumb_4928088_uploaded_image1_1725487276.jpg
chaussures-enfants,11 000CFA,Rufisque/ Senegal,https://images.coinafrique.com/thumb_4921251_uploaded_image1_1725193733.jpg
chaussures-enfants,9 000CFA,Rufisque/ Senegal,https://images.coinafrique.com/thumb_4921241_uploaded_image1_1725193496.jpg
chaussures-enfants,8 000CFA,Rufisque/ Senegal,https://images.coinafrique.com/thumb_4921233_uploaded_image1_1725193317.jpg
chaussures-enfants,20 000CFA,Dakar Plateau/ Dakar/ Senegal,https://images.coinafrique.com/thumb_4870683_uploaded_image2_1722496365.jpeg
chaussures-enfants,3 000CFA,Keur Massar/ Senegal,https://images.coinafrique.com/thumb_4797078_uploaded_image1_1718482814.jpg
chaussures-enfants,Prix sur demande,Dakar/ Senegal,https://images.coinafrique.com/thumb_4783650_uploaded_image2_1717719898.jpeg
chaussures-enfants,25 000CFA,Dakar Plateau/ Dakar/ Senegal,https://images.coinafrique.com/thumb_4781990_uploaded_image1_1717637500.jpg
chaussures-enfants,15 000CFA,Dakar Plateau/ Dakar/ Senegal,https://images.coinafrique.com/thumb_4781989_uploaded_image1_1717637364.jpg
chaussures-enfants,8 000CFA,Dakar/ Senegal,https://images.coinafrique.com/thumb_4779994_uploaded_image1_1717548193.jpg
chaussures-enfants,8 000CFA,Dakar/ Senegal,https://images.coinafrique.com/thumb_4779993_uploaded_image1_1717548114.jpg
chaussures-enfants,2 500CFA,Pikine/ Senegal,https://images.coinafrique.com/thumb_4775765_uploaded_image1_1717362018.jpg
chaussures-enfants,7 000CFA,Dakar/ Senegal,https://images.coinafrique.com/thumb_4763656_uploaded_image1_1716765652.jpg
chaussures-enfants,10 000CFA,Dakar Plateau/ Dakar/ Senegal,https://images.coinafrique.com/thumb_4735737_uploaded_image1_1715305215.jpg
chaussures-enfants,2 500CFA,Mermoz-Sacre Coeur/ Dakar/ Senegal,https://images.coinafrique.com/thumb_4680911_uploaded_image1_1712514020.jpg
chaussures-enfants,15 000CFA,Colobane/ Dakar/ Senegal,https://images.coinafrique.com/thumb_4676405_uploaded_image1_1712262646.jpg
chaussures-enfants,Prix sur demande,Yoff/ Dakar/ Senegal,https://images.coinafrique.com/thumb_4656153_uploaded_image1_1711205088.jpg
chaussures-enfants,2 500CFA,Grand Yoff/ Dakar/ Senegal,https://images.coinafrique.com/thumb_4632466_uploaded_image1_1709901740.jpg
chaussures-enfants,2 500CFA,Mbao/ Dakar/ Senegal,https://images.coinafrique.com/thumb_4626680_uploaded_image1_1709644598.jpg
chaussures-enfants,17 000CFA,Grand Yoff/ Dakar/ Senegal,https://images.coinafrique.com/thumb_4623157_uploaded_image1_1709480174.jpg
chaussures-enfants,6 500CFA,Sipres/ Dakar/ Senegal,https://images.coinafrique.com/thumb_4608262_uploaded_image1_1708692132.jpg
chaussures-enfants,6 500CFA,Sipres/ Dakar/ Senegal,https://images.coinafrique.com/thumb_4608259_uploaded_image1_1708692072.jpg
chaussures-enfants,5 000CFA,Parcelle Assainies/ Dakar/ Senegal,https://images.coinafrique.com/thumb_4588141_uploaded_image1_1707596385.jpg
chaussures-enfants,6 000CFA,Dieuppeul-Derkle/ Dakar/ Senegal,https://images.coinafrique.com/thumb_4566463_uploaded_image1_1706455557.jpg
chaussures-enfants,13 000CFA,Dakar Plateau/ Dakar/ Senegal,https://images.coinafrique.com/thumb_4514824_uploaded_image1_1703615498.jpg
chaussures-enfants,8 000CFA,Dakar Plateau/ Dakar/ Senegal,https://images.coinafrique.com/thumb_4514805_uploaded_image1_1703614843.jpg
chaussures-enfants,6 500CFA,Dakar Plateau/ Dakar/ Senegal,https://images.coinafrique.com/thumb_4476393_uploaded_image1_1701209697.jpg
chaussures-enfants,Prix sur demande,Colobane/ Dakar/ Senegal,https://images.coinafrique.com/thumb_4517970_uploaded_image2_1703783616.jpeg
chaussures-enfants,9 000CFA,Yoff/ Dakar/ Senegal,https://images.coinafrique.com/thumb_4516156_uploaded_image1_1703690655.jpg
chaussures-enfants,Prix sur demande,Colobane/ Dakar/ Senegal,https://images.coinafrique.com/thumb_4513355_uploaded_image1_1703506842.jpg
chaussures-enfants,3 000CFA,Colobane/ Dakar/ Senegal,https://images.coinafrique.com/thumb_4464312_uploaded_image1_1700415241.jpg
chaussures-enfants,4 000CFA,Colobane/ Dakar/ Senegal,https://images.coinafrique.com/thumb_4464284_uploaded_image1_1700414113.jpg
chaussures-enfants,9 000CFA,Dieuppeul-Derkle/ Dakar/ Senegal,https://images.coinafrique.com/thumb_4486289_uploaded_image1_1701786845.jpg
chaussures-enfants,6 000CFA,Dakar Plateau/ Dakar/ Senegal,https://images.coinafrique.com/thumb_4452170_uploaded_image1_1699621092.jpg
chaussures-enfants,20 000CFA,Dakar Plateau/ Dakar/ Senegal,https://images.coinafrique.com/thumb_4481347_uploaded_image1_1701486467.jpg
chaussures-enfants,3 000CFA,Dakar Plateau/ Dakar/ Senegal,https://images.coinafrique.com/thumb_4404739_uploaded_image1_1696545306.jpg
chaussures-enfants,20 000CFA,Colobane/ Dakar/ Senegal,https://images.coinafrique.com/thumb_4402939_uploaded_image1_1696449724.jpg
chaussures-enfants,Prix sur demande,Dakar Plateau/ Dakar/ Senegal,https://images.coinafrique.com/thumb_4396653_uploaded_image1_1696082279.jpg
chaussures-enfants,20 000CFA,Grand Dakar/ Dakar/ Senegal,https://images.coinafrique.com/thumb_4430647_uploaded_image1_1698289087.jpg
chaussures-enfants,2 500CFA,Dakar/ Senegal,https://images.coinafrique.com/thumb_4427622_uploaded_image2_1698104491.jpeg
chaussures-enfants,5 000CFA,Ouest Foire/ Dakar/ Senegal,https://images.coinafrique.com/thumb_4422835_uploaded_image1_1697766757.jpg
chaussures-enfants,8 500CFA,Dakar Plateau/ Dakar/ Senegal,https://images.coinafrique.com/thumb_4381758_uploaded_image1_1695064657.jpg
chaussures-enfants,13 000CFA,Dakar/ Senegal,https://images.coinafrique.com/thumb_4414779_uploaded_image1_1697159524.jpg
chaussures-enfants,8 000CFA,Dakar Plateau/ Dakar/ Senegal,https://images.coinafrique.com/thumb_4375022_uploaded_image1_1694607723.jpg
chaussures-enfants,Prix sur demande,Dakar Plateau/ Dakar/ Senegal,https://images.coinafrique.com/thumb_4375003_uploaded_image1_1694607226.jpg
chaussures-enfants,8 000CFA,Dakar Plateau/ Dakar/ Senegal,https://images.coinafrique.com/thumb_4372705_uploaded_image1_1694464836.jpg
chaussures-enfants,11 000CFA,Dakar/ Senegal,https://images.coinafrique.com/thumb_4402279_uploaded_image1_1696422852.jpg
chaussures-enfants,9 000CFA,Dakar/ Senegal,https://images.coinafrique.com/thumb_4397886_uploaded_image1_1696179932.jpg
chaussures-enfants,10 000CFA,Dakar/ Senegal,https://images.coinafrique.com/thumb_4396320_uploaded_image1_1696061527.jpg
chaussures-enfants,15 000CFA,Grand Dakar/ Dakar/ Senegal,https://images.coinafrique.com/thumb_4394927_uploaded_image1_1695956109.jpg
chaussures-enfants,6 000CFA,Diamalaye 1/ Dakar/ Senegal,https://images.coinafrique.com/thumb_4392112_uploaded_image1_1695751474.jpg
chaussures-enfants,28 000CFA,Medina/ Dakar/ Senegal,https://images.coinafrique.com/thumb_4367839_uploaded_image2_1694130362.jpeg
